uscd,timestamp,temp,humidity
0,"2021-04-15 20:12:02",19,46
0,"2021-04-15 20:13:01",19,47
0,"2021-04-15 20:14:02",19,48
0,"2021-04-15 20:15:02",19,50
0,"2021-04-15 20:16:02",19,49
0,"2021-04-15 20:17:02",19,49
0,"2021-04-15 20:18:02",19,49
0,"2021-04-15 20:19:02",19,48
0,"2021-04-15 20:20:02",19,47
0,"2021-04-15 20:21:02",19,49
0,"2021-04-15 20:22:02",19,48
0,"2021-04-15 20:23:02",19,47
0,"2021-04-15 20:24:01",19,48
0,"2021-04-15 20:25:02",19,49
0,"2021-04-15 20:26:02",19,48
0,"2021-04-15 20:27:02",19,49
0,"2021-04-15 20:28:02",19,49
0,"2021-04-15 20:29:02",19,50
0,"2021-04-15 20:30:02",19,49
0,"2021-04-15 20:31:02",19,50
0,"2021-04-15 20:32:02",19,49
0,"2021-04-15 20:33:02",19,49
0,"2021-04-15 20:34:02",19,50
0,"2021-04-15 20:35:02",19,50
0,"2021-04-15 20:36:02",19,51
0,"2021-04-15 20:37:02",19,50
0,"2021-04-15 20:38:02",19,50
0,"2021-04-15 20:39:02",19,50
0,"2021-04-15 20:40:02",19,50
0,"2021-04-15 20:41:01",19,50
0,"2021-04-15 20:42:02",19,50
0,"2021-04-15 20:43:02",19,50
0,"2021-04-15 20:44:07",19,50
0,"2021-04-15 20:45:02",19,51
0,"2021-04-15 20:46:02",19,50
0,"2021-04-15 20:47:02",19,49
0,"2021-04-15 20:48:02",19,50
0,"2021-04-15 20:49:02",19,50
0,"2021-04-15 20:50:02",19,50
0,"2021-04-15 20:51:02",19,50
0,"2021-04-15 20:52:02",19,50
0,"2021-04-15 20:53:02",19,51
0,"2021-04-15 20:54:01",19,50
0,"2021-04-15 20:55:02",19,51
0,"2021-04-15 20:56:02",19,51
0,"2021-04-15 20:57:02",19,50
0,"2021-04-15 20:58:02",19,50
0,"2021-04-15 20:59:02",19,50
0,"2021-04-15 21:00:02",19,50
0,"2021-04-15 21:01:02",19,50
0,"2021-04-15 21:02:02",19,51
0,"2021-04-15 21:03:02",19,50
0,"2021-04-15 21:04:02",19,50
0,"2021-04-15 21:05:02",19,49
0,"2021-04-15 21:06:02",19,50
0,"2021-04-15 21:07:01",19,50
0,"2021-04-15 21:08:02",19,51
0,"2021-04-15 21:09:02",19,51
0,"2021-04-15 21:10:02",19,49
0,"2021-04-15 21:11:02",19,50
0,"2021-04-15 21:12:02",19,51
0,"2021-04-15 21:13:02",19,51
0,"2021-04-15 21:14:02",19,51
0,"2021-04-15 21:15:02",19,50
0,"2021-04-15 21:16:02",19,50
0,"2021-04-15 21:17:02",19,51
0,"2021-04-15 21:18:02",19,51
0,"2021-04-15 21:19:02",19,51
0,"2021-04-15 21:20:02",19,51
0,"2021-04-15 21:21:02",19,51
0,"2021-04-15 21:22:02",19,50
0,"2021-04-15 21:23:02",19,50
0,"2021-04-15 21:24:02",19,51
0,"2021-04-15 21:25:02",19,50
0,"2021-04-15 21:26:02",19,50
0,"2021-04-15 21:27:01",19,51
0,"2021-04-15 21:28:02",19,50
0,"2021-04-15 21:29:02",18,51
0,"2021-04-15 21:30:02",18,50
0,"2021-04-15 21:31:02",18,50
0,"2021-04-15 21:32:02",18,51
0,"2021-04-15 21:33:02",18,52
0,"2021-04-15 21:34:02",18,52
0,"2021-04-15 21:35:02",18,52
0,"2021-04-15 21:36:02",18,52
0,"2021-04-15 21:37:02",18,52
0,"2021-04-15 21:38:02",18,52
0,"2021-04-15 21:39:02",18,51
0,"2021-04-15 21:40:02",18,52
0,"2021-04-15 21:41:02",18,52
0,"2021-04-15 21:42:02",18,52
0,"2021-04-15 21:43:02",18,52
0,"2021-04-15 21:44:02",18,53
0,"2021-04-15 21:45:02",18,53
0,"2021-04-15 21:46:02",18,52
0,"2021-04-15 21:47:01",18,52
0,"2021-04-15 21:48:02",18,53
0,"2021-04-15 21:49:02",18,52
0,"2021-04-15 21:50:02",18,53
0,"2021-04-15 21:51:02",18,53
0,"2021-04-15 21:52:02",18,53
0,"2021-04-15 21:53:01",18,54
0,"2021-04-15 21:54:02",18,53
0,"2021-04-15 21:55:02",18,53
0,"2021-04-15 21:56:02",18,53
0,"2021-04-15 21:57:02",18,53
0,"2021-04-15 21:58:02",18,53
0,"2021-04-15 21:59:02",18,53
0,"2021-04-15 22:00:02",18,54
0,"2021-04-15 22:01:02",18,54
0,"2021-04-15 22:02:02",18,54
0,"2021-04-15 22:03:02",18,53
0,"2021-04-15 22:04:02",18,53
0,"2021-04-15 22:05:02",18,54
0,"2021-04-15 22:06:02",18,53
0,"2021-04-15 22:07:02",18,53
0,"2021-04-15 22:08:02",18,53
0,"2021-04-15 22:09:02",18,53
0,"2021-04-15 22:10:02",18,54
0,"2021-04-15 22:11:02",18,53
0,"2021-04-15 22:12:02",18,54
0,"2021-04-15 22:13:02",18,55
0,"2021-04-15 22:14:02",18,54
0,"2021-04-15 22:15:02",18,53
0,"2021-04-15 22:16:02",18,53
0,"2021-04-15 22:17:02",18,53
0,"2021-04-15 22:18:02",18,53
0,"2021-04-15 22:19:02",18,53
0,"2021-04-15 22:20:02",18,53
0,"2021-04-15 22:21:02",18,53
0,"2021-04-15 22:22:02",18,54
0,"2021-04-15 22:23:02",18,54
0,"2021-04-15 22:24:02",18,54
0,"2021-04-15 22:25:02",18,53
0,"2021-04-15 22:26:02",18,52
0,"2021-04-15 22:27:02",18,52
0,"2021-04-15 22:28:02",18,53
0,"2021-04-15 22:29:02",18,52
0,"2021-04-15 22:30:02",18,52
0,"2021-04-15 22:31:02",18,53
0,"2021-04-15 22:32:02",18,52
0,"2021-04-15 22:33:02",18,52
0,"2021-04-15 22:34:02",18,52
0,"2021-04-15 22:35:02",18,53
0,"2021-04-15 22:36:02",18,53
0,"2021-04-15 22:37:02",18,53
0,"2021-04-15 22:38:02",18,52
0,"2021-04-15 22:39:02",18,53
0,"2021-04-15 22:40:02",18,53
0,"2021-04-15 22:41:02",18,53
0,"2021-04-15 22:42:02",18,53
0,"2021-04-15 22:43:02",18,54
0,"2021-04-15 22:44:02",18,53
0,"2021-04-15 22:45:02",18,54
0,"2021-04-15 22:46:02",18,53
0,"2021-04-15 22:47:02",18,53
0,"2021-04-15 22:48:02",18,53
0,"2021-04-15 22:49:02",18,54
0,"2021-04-15 22:50:02",18,54
0,"2021-04-15 22:51:02",18,53
0,"2021-04-15 22:52:02",18,53
0,"2021-04-15 22:53:02",18,54
0,"2021-04-15 22:54:02",18,54
0,"2021-04-15 22:55:02",18,58
0,"2021-04-15 22:56:02",18,58
0,"2021-04-15 22:57:02",18,58
0,"2021-04-15 22:58:02",18,58
0,"2021-04-15 22:59:04",19,59
0,"2021-04-15 23:00:02",19,66
0,"2021-04-15 23:01:02",19,59
0,"2021-04-15 23:02:02",19,59
0,"2021-04-15 23:03:02",19,60
0,"2021-04-15 23:04:02",19,60
0,"2021-04-15 23:05:02",19,60
0,"2021-04-15 23:06:02",19,60
0,"2021-04-15 23:07:02",19,60
0,"2021-04-15 23:08:02",19,60
0,"2021-04-15 23:09:02",19,60
0,"2021-04-15 23:10:02",19,60
0,"2021-04-15 23:11:02",19,60
0,"2021-04-15 23:12:02",19,60
0,"2021-04-15 23:13:05",19,61
0,"2021-04-15 23:14:02",19,67
0,"2021-04-15 23:15:02",19,61
0,"2021-04-15 23:16:02",19,61
0,"2021-04-15 23:17:02",19,61
0,"2021-04-15 23:18:02",19,61
0,"2021-04-15 23:19:02",19,61
0,"2021-04-15 23:20:02",19,61
0,"2021-04-15 23:21:02",19,61
0,"2021-04-15 23:22:02",19,61
0,"2021-04-15 23:23:02",19,61
0,"2021-04-15 23:24:02",19,61
0,"2021-04-15 23:25:02",19,61
0,"2021-04-15 23:26:02",19,61
0,"2021-04-15 23:27:02",19,61
0,"2021-04-15 23:28:02",19,62
0,"2021-04-15 23:29:02",19,62
0,"2021-04-15 23:30:02",19,62
0,"2021-04-15 23:31:02",19,62
0,"2021-04-15 23:32:02",20,62
0,"2021-04-15 23:33:02",19,62
0,"2021-04-15 23:34:02",19,62
0,"2021-04-15 23:35:02",19,62
0,"2021-04-15 23:36:02",20,62
0,"2021-04-15 23:37:02",20,62
0,"2021-04-15 23:38:02",20,62
0,"2021-04-15 23:39:02",20,62
0,"2021-04-15 23:40:02",20,62
0,"2021-04-15 23:41:02",20,62
0,"2021-04-15 23:42:02",20,62
0,"2021-04-15 23:43:02",20,62
0,"2021-04-15 23:44:02",20,62
0,"2021-04-15 23:45:02",20,62
0,"2021-04-15 23:46:02",20,62
0,"2021-04-15 23:47:02",20,62
0,"2021-04-15 23:48:02",20,62
0,"2021-04-15 23:49:02",20,62
0,"2021-04-15 23:50:02",20,63
0,"2021-04-15 23:51:02",20,63
0,"2021-04-15 23:52:02",20,63
0,"2021-04-15 23:53:02",20,63
0,"2021-04-15 23:54:02",20,63
0,"2021-04-15 23:55:02",20,63
0,"2021-04-15 23:56:02",20,63
0,"2021-04-15 23:57:02",20,63
0,"2021-04-15 23:58:02",20,63
0,"2021-04-15 23:59:02",20,63
0,"2021-04-16 00:00:02",20,63
0,"2021-04-16 00:01:02",20,63
0,"2021-04-16 00:02:02",20,63
0,"2021-04-16 00:03:02",20,63
0,"2021-04-16 00:04:02",20,63
0,"2021-04-16 00:05:02",20,63
0,"2021-04-16 00:06:02",20,63
0,"2021-04-16 00:07:02",20,63
0,"2021-04-16 00:08:02",20,63
0,"2021-04-16 00:09:02",20,63
0,"2021-04-16 00:10:02",20,63
0,"2021-04-16 00:11:01",20,64
0,"2021-04-16 00:12:02",20,64
0,"2021-04-16 00:13:02",20,64
0,"2021-04-16 00:14:02",20,64
0,"2021-04-16 00:15:02",20,64
0,"2021-04-16 00:16:02",20,64
0,"2021-04-16 00:17:02",20,64
0,"2021-04-16 00:18:02",20,64
0,"2021-04-16 00:19:04",20,64
0,"2021-04-16 00:20:02",20,70
0,"2021-04-16 00:21:01",20,64
0,"2021-04-16 00:22:02",20,64
0,"2021-04-16 00:23:02",20,64
0,"2021-04-16 00:24:02",20,64
0,"2021-04-16 00:25:02",20,64
0,"2021-04-16 00:26:02",20,64
0,"2021-04-16 00:27:02",20,64
0,"2021-04-16 00:28:07",20,70
0,"2021-04-16 00:29:02",20,70
0,"2021-04-16 00:30:02",20,64
0,"2021-04-16 00:31:02",20,64
0,"2021-04-16 00:32:02",20,64
0,"2021-04-16 00:33:02",20,64
0,"2021-04-16 00:34:02",20,64
0,"2021-04-16 00:35:02",20,64
0,"2021-04-16 00:36:02",20,64
0,"2021-04-16 00:37:02",20,64
0,"2021-04-16 00:38:02",20,64
0,"2021-04-16 00:39:02",20,64
0,"2021-04-16 00:40:02",20,64
0,"2021-04-16 00:41:02",20,64
0,"2021-04-16 00:42:02",20,64
0,"2021-04-16 00:43:02",20,64
0,"2021-04-16 00:44:02",20,64
0,"2021-04-16 00:45:02",20,64
0,"2021-04-16 00:46:02",20,64
0,"2021-04-16 00:47:02",20,64
0,"2021-04-16 00:48:02",20,64
0,"2021-04-16 00:49:02",20,64
0,"2021-04-16 00:50:02",20,64
0,"2021-04-16 00:51:02",20,64
0,"2021-04-16 00:52:02",20,64
0,"2021-04-16 00:53:02",20,64
0,"2021-04-16 00:54:02",20,64
0,"2021-04-16 00:55:02",20,64
0,"2021-04-16 00:56:02",20,64
0,"2021-04-16 00:57:02",20,65
0,"2021-04-16 00:58:02",20,64
0,"2021-04-16 00:59:02",20,64
0,"2021-04-16 01:00:02",20,64
0,"2021-04-16 01:01:02",20,65
0,"2021-04-16 01:02:02",20,65
0,"2021-04-16 01:03:02",20,65
0,"2021-04-16 01:04:02",20,65
0,"2021-04-16 01:05:02",20,65
0,"2021-04-16 01:06:02",20,65
0,"2021-04-16 01:07:02",20,65
0,"2021-04-16 01:08:02",20,65
0,"2021-04-16 01:09:01",20,65
0,"2021-04-16 01:10:02",20,65
0,"2021-04-16 01:11:02",20,65
0,"2021-04-16 01:12:02",20,65
0,"2021-04-16 01:13:02",20,65
0,"2021-04-16 01:14:02",20,65
0,"2021-04-16 01:15:02",20,65
0,"2021-04-16 01:16:02",20,65
0,"2021-04-16 01:17:02",20,65
0,"2021-04-16 01:18:02",20,65
0,"2021-04-16 01:19:02",20,65
0,"2021-04-16 01:20:02",20,65
0,"2021-04-16 01:21:02",20,65
0,"2021-04-16 01:22:02",20,65
0,"2021-04-16 01:23:02",20,65
0,"2021-04-16 01:24:02",20,65
0,"2021-04-16 01:25:02",20,65
0,"2021-04-16 01:26:02",20,65
0,"2021-04-16 01:27:02",20,65
0,"2021-04-16 01:28:02",20,65
0,"2021-04-16 01:29:02",20,65
0,"2021-04-16 01:30:02",20,65
0,"2021-04-16 01:31:01",20,65
0,"2021-04-16 01:32:02",20,65
0,"2021-04-16 01:33:02",20,66
0,"2021-04-16 01:34:02",20,66
0,"2021-04-16 01:35:02",20,66
0,"2021-04-16 01:36:02",20,66
0,"2021-04-16 01:37:02",20,66
0,"2021-04-16 01:38:02",20,66
0,"2021-04-16 01:39:02",20,66
0,"2021-04-16 01:40:02",20,66
0,"2021-04-16 01:41:02",20,66
0,"2021-04-16 01:42:02",20,66
0,"2021-04-16 01:43:02",20,66
0,"2021-04-16 01:44:02",20,66
0,"2021-04-16 01:45:02",20,66
0,"2021-04-16 01:46:02",20,66
0,"2021-04-16 01:47:02",20,66
0,"2021-04-16 01:48:02",20,66
0,"2021-04-16 01:49:02",20,66
0,"2021-04-16 01:50:02",20,66
0,"2021-04-16 01:51:01",20,66
0,"2021-04-16 01:52:02",20,66
0,"2021-04-16 01:53:02",20,66
0,"2021-04-16 01:54:02",20,66
0,"2021-04-16 01:55:02",20,67
0,"2021-04-16 01:56:02",20,67
0,"2021-04-16 01:57:02",20,67
0,"2021-04-16 01:58:02",20,66
0,"2021-04-16 01:59:04",20,67
0,"2021-04-16 02:00:02",20,72
0,"2021-04-16 02:01:02",20,67
0,"2021-04-16 02:02:01",20,67
0,"2021-04-16 02:03:02",20,67
0,"2021-04-16 02:04:02",20,67
0,"2021-04-16 02:05:02",20,67
0,"2021-04-16 02:06:02",20,67
0,"2021-04-16 02:07:02",20,67
0,"2021-04-16 02:08:02",20,67
0,"2021-04-16 02:09:02",20,67
0,"2021-04-16 02:10:02",20,67
0,"2021-04-16 02:11:02",20,67
0,"2021-04-16 02:12:02",20,67
0,"2021-04-16 02:13:02",20,67
0,"2021-04-16 02:14:02",20,67
0,"2021-04-16 02:15:02",20,67
0,"2021-04-16 02:16:02",20,67
0,"2021-04-16 02:17:02",20,67
0,"2021-04-16 02:18:02",20,67
0,"2021-04-16 02:19:02",20,67
0,"2021-04-16 02:20:02",20,67
0,"2021-04-16 02:21:02",20,66
0,"2021-04-16 02:22:02",20,67
0,"2021-04-16 02:23:02",20,67
0,"2021-04-16 02:24:02",20,67
0,"2021-04-16 02:25:02",20,67
0,"2021-04-16 02:26:02",20,67
0,"2021-04-16 02:27:02",20,67
0,"2021-04-16 02:28:02",20,67
0,"2021-04-16 02:29:01",20,67
0,"2021-04-16 02:30:02",20,67
0,"2021-04-16 02:31:02",20,67
0,"2021-04-16 02:32:02",20,67
0,"2021-04-16 02:33:02",20,67
0,"2021-04-16 02:34:02",20,67
0,"2021-04-16 02:35:02",20,67
0,"2021-04-16 02:36:02",20,66
0,"2021-04-16 02:37:02",20,67
0,"2021-04-16 02:38:02",20,67
0,"2021-04-16 02:39:02",20,66
0,"2021-04-16 02:40:02",20,67
0,"2021-04-16 02:41:02",20,67
0,"2021-04-16 02:42:02",20,67
0,"2021-04-16 02:43:02",20,67
0,"2021-04-16 02:44:02",20,67
0,"2021-04-16 02:45:02",20,67
0,"2021-04-16 02:46:02",20,67
0,"2021-04-16 02:47:02",20,67
0,"2021-04-16 02:48:02",20,67
0,"2021-04-16 02:49:02",20,67
0,"2021-04-16 02:50:02",20,67
0,"2021-04-16 02:51:02",20,67
0,"2021-04-16 02:52:02",20,67
0,"2021-04-16 02:53:02",20,67
0,"2021-04-16 02:54:02",20,67
0,"2021-04-16 02:55:02",20,67
0,"2021-04-16 02:56:02",20,66
0,"2021-04-16 02:57:02",20,67
0,"2021-04-16 02:58:02",20,67
0,"2021-04-16 02:59:02",20,67
0,"2021-04-16 03:00:02",20,67
0,"2021-04-16 03:01:02",20,67
0,"2021-04-16 03:02:02",20,67
0,"2021-04-16 03:03:02",20,67
0,"2021-04-16 03:04:01",20,67
0,"2021-04-16 03:05:02",20,67
0,"2021-04-16 03:06:02",20,67
0,"2021-04-16 03:07:02",20,67
0,"2021-04-16 03:08:02",20,67
0,"2021-04-16 03:09:02",20,67
0,"2021-04-16 03:10:02",20,67
0,"2021-04-16 03:11:02",20,67
0,"2021-04-16 03:12:02",20,67
0,"2021-04-16 03:13:02",20,67
0,"2021-04-16 03:14:02",20,67
0,"2021-04-16 03:15:02",20,67
0,"2021-04-16 03:16:02",20,67
0,"2021-04-16 03:17:02",20,67
0,"2021-04-16 03:18:02",20,67
0,"2021-04-16 03:19:02",20,67
0,"2021-04-16 03:20:02",20,67
0,"2021-04-16 03:21:02",20,67
0,"2021-04-16 03:22:02",20,67
0,"2021-04-16 03:23:02",20,67
0,"2021-04-16 03:24:02",20,67
0,"2021-04-16 03:25:01",20,67
0,"2021-04-16 03:26:02",20,67
0,"2021-04-16 03:27:02",20,67
0,"2021-04-16 03:28:02",20,67
0,"2021-04-16 03:29:02",20,67
0,"2021-04-16 03:30:02",20,67
0,"2021-04-16 03:31:02",20,67
0,"2021-04-16 03:32:02",20,67
0,"2021-04-16 03:33:02",20,67
0,"2021-04-16 03:34:02",20,67
0,"2021-04-16 03:35:02",20,67
0,"2021-04-16 03:36:02",20,67
0,"2021-04-16 03:37:02",20,67
0,"2021-04-16 03:38:02",20,67
0,"2021-04-16 03:39:02",20,67
0,"2021-04-16 03:40:02",20,67
0,"2021-04-16 03:41:02",20,67
0,"2021-04-16 03:42:02",20,67
0,"2021-04-16 03:43:02",20,67
0,"2021-04-16 03:44:02",20,67
0,"2021-04-16 03:45:02",20,67
0,"2021-04-16 03:46:02",20,67
0,"2021-04-16 03:47:02",20,67
0,"2021-04-16 03:48:02",20,67
0,"2021-04-16 03:49:02",20,67
0,"2021-04-16 03:50:02",20,67
0,"2021-04-16 03:51:01",20,67
0,"2021-04-16 03:52:02",20,67
0,"2021-04-16 03:53:02",20,67
0,"2021-04-16 03:54:02",20,67
0,"2021-04-16 03:55:02",20,68
0,"2021-04-16 03:56:02",20,67
0,"2021-04-16 03:57:02",20,68
0,"2021-04-16 03:58:02",20,68
0,"2021-04-16 03:59:02",20,67
0,"2021-04-16 04:00:02",20,67
0,"2021-04-16 04:01:02",20,68
0,"2021-04-16 04:02:02",20,68
0,"2021-04-16 04:03:02",20,67
0,"2021-04-16 04:04:01",20,68
0,"2021-04-16 04:05:02",20,67
0,"2021-04-16 04:06:02",20,67
0,"2021-04-16 04:07:02",20,67
0,"2021-04-16 04:08:02",20,67
0,"2021-04-16 04:09:02",20,67
0,"2021-04-16 04:10:02",20,67
0,"2021-04-16 04:11:02",20,67
0,"2021-04-16 04:12:02",20,67
0,"2021-04-16 04:13:02",20,67
0,"2021-04-16 04:14:02",20,67
0,"2021-04-16 04:15:02",20,67
0,"2021-04-16 04:16:02",20,67
0,"2021-04-16 04:17:02",20,67
0,"2021-04-16 04:18:02",20,67
0,"2021-04-16 04:19:02",20,67
0,"2021-04-16 04:20:02",20,68
0,"2021-04-16 04:21:02",20,68
0,"2021-04-16 04:22:02",20,68
0,"2021-04-16 04:23:02",20,68
0,"2021-04-16 04:24:02",20,67
0,"2021-04-16 04:25:02",20,68
0,"2021-04-16 04:26:02",20,68
0,"2021-04-16 04:27:02",20,67
0,"2021-04-16 04:28:02",20,68
0,"2021-04-16 04:29:02",20,67
0,"2021-04-16 04:30:02",20,68
0,"2021-04-16 04:31:02",20,68
0,"2021-04-16 04:32:02",20,67
0,"2021-04-16 04:33:02",20,68
0,"2021-04-16 04:34:02",20,67
0,"2021-04-16 04:35:02",20,68
0,"2021-04-16 04:36:02",20,68
0,"2021-04-16 04:37:01",20,68
0,"2021-04-16 04:38:02",20,68
0,"2021-04-16 04:39:02",20,67
0,"2021-04-16 04:40:02",20,67
0,"2021-04-16 04:41:02",20,67
0,"2021-04-16 04:42:02",20,67
0,"2021-04-16 04:43:02",20,67
0,"2021-04-16 04:44:02",20,67
0,"2021-04-16 04:45:02",20,67
0,"2021-04-16 04:46:02",20,67
0,"2021-04-16 04:47:02",20,67
0,"2021-04-16 04:48:02",20,68
0,"2021-04-16 04:49:02",20,67
0,"2021-04-16 04:50:01",20,67
0,"2021-04-16 04:51:02",20,67
0,"2021-04-16 04:52:02",20,67
0,"2021-04-16 04:53:02",20,67
0,"2021-04-16 04:54:02",20,67
0,"2021-04-16 04:55:02",20,67
0,"2021-04-16 04:56:02",20,67
0,"2021-04-16 04:57:01",20,67
0,"2021-04-16 04:58:02",20,67
0,"2021-04-16 04:59:02",20,67
0,"2021-04-16 05:00:02",20,67
0,"2021-04-16 05:01:02",20,67
0,"2021-04-16 05:02:02",20,67
0,"2021-04-16 05:03:02",20,68
0,"2021-04-16 05:04:02",20,67
0,"2021-04-16 05:05:02",20,68
0,"2021-04-16 05:06:02",20,67
0,"2021-04-16 05:07:02",20,67
0,"2021-04-16 05:08:02",20,68
0,"2021-04-16 05:09:02",20,68
0,"2021-04-16 05:10:02",20,68
0,"2021-04-16 05:11:02",20,68
0,"2021-04-16 05:12:02",20,68
0,"2021-04-16 05:13:02",20,68
0,"2021-04-16 05:14:02",20,68
0,"2021-04-16 05:15:02",20,68
0,"2021-04-16 05:16:02",20,67
0,"2021-04-16 05:17:02",20,68
0,"2021-04-16 05:18:02",20,67
0,"2021-04-16 05:19:02",20,67
0,"2021-04-16 05:20:02",20,67
0,"2021-04-16 05:21:02",20,68
0,"2021-04-16 05:22:02",20,68
0,"2021-04-16 05:23:02",20,68
0,"2021-04-16 05:24:02",20,68
0,"2021-04-16 05:25:02",20,68
0,"2021-04-16 05:26:02",20,68
0,"2021-04-16 05:27:02",20,68
0,"2021-04-16 05:28:02",20,68
0,"2021-04-16 05:29:02",20,67
0,"2021-04-16 05:30:02",20,68
0,"2021-04-16 05:31:02",20,68
0,"2021-04-16 05:32:02",20,68
0,"2021-04-16 05:33:02",20,68
0,"2021-04-16 05:34:02",20,68
0,"2021-04-16 05:35:02",20,68
0,"2021-04-16 05:36:02",20,68
0,"2021-04-16 05:37:02",20,68
0,"2021-04-16 05:38:02",20,68
0,"2021-04-16 05:39:04",20,68
0,"2021-04-16 05:40:02",20,73
0,"2021-04-16 05:41:02",20,68
0,"2021-04-16 05:42:02",20,68
0,"2021-04-16 05:43:02",20,68
0,"2021-04-16 05:44:02",20,68
0,"2021-04-16 05:45:02",20,68
0,"2021-04-16 05:46:02",20,68
0,"2021-04-16 05:47:02",20,68
0,"2021-04-16 05:48:02",20,68
0,"2021-04-16 05:49:02",20,68
0,"2021-04-16 05:50:02",20,68
0,"2021-04-16 05:51:02",20,68
0,"2021-04-16 05:52:02",20,68
0,"2021-04-16 05:53:02",20,68
0,"2021-04-16 05:54:02",20,68
0,"2021-04-16 05:55:02",20,68
0,"2021-04-16 05:56:02",20,68
0,"2021-04-16 05:57:02",20,68
0,"2021-04-16 05:58:02",20,68
0,"2021-04-16 05:59:02",20,68
0,"2021-04-16 06:00:02",20,68
0,"2021-04-16 06:01:02",20,68
0,"2021-04-16 06:02:02",20,68
0,"2021-04-16 06:03:02",20,68
0,"2021-04-16 06:04:02",20,68
0,"2021-04-16 06:05:02",20,68
0,"2021-04-16 06:06:02",20,68
0,"2021-04-16 06:07:02",20,68
0,"2021-04-16 06:08:02",20,68
0,"2021-04-16 06:09:02",20,68
0,"2021-04-16 06:10:02",20,68
0,"2021-04-16 06:11:02",20,68
0,"2021-04-16 06:12:02",20,68
0,"2021-04-16 06:13:05",20,68
0,"2021-04-16 06:14:02",20,73
0,"2021-04-16 06:15:02",20,68
0,"2021-04-16 06:16:02",20,68
0,"2021-04-16 06:17:02",20,68
0,"2021-04-16 06:18:02",20,68
0,"2021-04-16 06:19:02",20,68
0,"2021-04-16 06:20:02",20,68
0,"2021-04-16 06:21:02",20,68
0,"2021-04-16 06:22:02",20,68
0,"2021-04-16 06:23:02",20,68
0,"2021-04-16 06:24:02",20,68
0,"2021-04-16 06:25:02",20,68
0,"2021-04-16 06:26:02",20,68
0,"2021-04-16 06:27:02",20,68
0,"2021-04-16 06:28:02",20,68
0,"2021-04-16 06:29:02",20,68
0,"2021-04-16 06:30:02",20,68
0,"2021-04-16 06:31:02",20,68
0,"2021-04-16 06:32:02",20,68
0,"2021-04-16 06:33:02",20,68
0,"2021-04-16 06:34:02",20,68
0,"2021-04-16 06:35:02",20,68
0,"2021-04-16 06:36:02",20,68
0,"2021-04-16 06:37:02",20,68
0,"2021-04-16 06:38:02",20,68
0,"2021-04-16 06:39:01",20,68
0,"2021-04-16 06:40:02",20,68
0,"2021-04-16 06:41:02",20,68
0,"2021-04-16 06:42:02",20,68
0,"2021-04-16 06:43:02",20,68
0,"2021-04-16 06:44:02",20,68
0,"2021-04-16 06:45:02",20,67
0,"2021-04-16 06:46:02",20,68
0,"2021-04-16 06:47:02",20,68
0,"2021-04-16 06:48:02",20,68
0,"2021-04-16 06:49:02",20,67
0,"2021-04-16 06:50:02",20,68
0,"2021-04-16 06:51:02",20,68
0,"2021-04-16 06:52:02",20,68
0,"2021-04-16 06:53:01",20,68
0,"2021-04-16 06:54:02",20,68
0,"2021-04-16 06:55:02",20,68
0,"2021-04-16 06:56:02",20,68
0,"2021-04-16 06:57:02",20,68
0,"2021-04-16 06:58:02",20,68
0,"2021-04-16 06:59:02",20,68
0,"2021-04-16 07:00:01",20,68
0,"2021-04-16 07:01:02",20,68
0,"2021-04-16 07:02:02",20,68
0,"2021-04-16 07:03:02",20,68
0,"2021-04-16 07:04:02",20,68
0,"2021-04-16 07:05:02",20,68
0,"2021-04-16 07:06:02",20,68
0,"2021-04-16 07:07:02",20,68
0,"2021-04-16 07:08:02",20,68
0,"2021-04-16 07:09:02",20,68
0,"2021-04-16 07:10:02",20,68
0,"2021-04-16 07:11:02",20,68
0,"2021-04-16 07:12:02",20,68
0,"2021-04-16 07:13:02",20,68
0,"2021-04-16 07:14:02",20,68
0,"2021-04-16 07:15:02",20,68
0,"2021-04-16 07:16:02",20,68
0,"2021-04-16 07:17:02",20,68
0,"2021-04-16 07:18:02",20,68
0,"2021-04-16 07:19:02",20,68
0,"2021-04-16 07:20:02",20,68
0,"2021-04-16 07:21:02",20,68
0,"2021-04-16 07:22:02",20,68
0,"2021-04-16 07:23:02",20,68
0,"2021-04-16 07:24:02",20,68
0,"2021-04-16 07:25:02",20,68
0,"2021-04-16 07:26:02",20,68
0,"2021-04-16 07:27:02",20,68
0,"2021-04-16 07:28:02",20,68
0,"2021-04-16 07:29:02",20,68
0,"2021-04-16 07:30:02",20,68
0,"2021-04-16 07:31:02",20,68
0,"2021-04-16 07:32:02",21,69
0,"2021-04-16 07:33:02",20,68
0,"2021-04-16 07:34:01",21,69
0,"2021-04-16 07:35:02",21,69
0,"2021-04-16 07:36:02",21,69
0,"2021-04-16 07:37:02",21,69
0,"2021-04-16 07:38:02",21,69
0,"2021-04-16 07:39:02",21,69
0,"2021-04-16 07:40:02",21,69
0,"2021-04-16 07:41:02",21,69
0,"2021-04-16 07:42:02",21,69
0,"2021-04-16 07:43:02",21,69
0,"2021-04-16 07:44:02",21,69
0,"2021-04-16 07:45:02",21,69
0,"2021-04-16 07:46:02",21,69
0,"2021-04-16 07:47:02",21,69
0,"2021-04-16 07:48:02",21,69
0,"2021-04-16 07:49:02",21,69
0,"2021-04-16 07:50:02",21,69
0,"2021-04-16 07:51:02",21,69
0,"2021-04-16 07:52:02",21,69
0,"2021-04-16 07:53:02",21,69
0,"2021-04-16 07:54:02",21,69
0,"2021-04-16 07:55:02",21,69
0,"2021-04-16 07:56:02",21,69
0,"2021-04-16 07:57:02",21,69
0,"2021-04-16 07:58:02",21,69
0,"2021-04-16 07:59:02",21,69
0,"2021-04-16 08:00:02",21,69
0,"2021-04-16 08:01:02",21,69
0,"2021-04-16 08:02:04",21,69
0,"2021-04-16 08:03:02",21,74
0,"2021-04-16 08:04:02",21,69
0,"2021-04-16 08:05:02",21,69
0,"2021-04-16 08:06:02",21,69
0,"2021-04-16 08:07:02",21,69
0,"2021-04-16 08:08:02",21,69
0,"2021-04-16 08:09:02",21,69
0,"2021-04-16 08:10:02",21,69
0,"2021-04-16 08:11:02",21,69
0,"2021-04-16 08:12:02",21,69
0,"2021-04-16 08:13:02",21,69
0,"2021-04-16 08:14:02",21,69
0,"2021-04-16 08:15:02",21,68
0,"2021-04-16 08:16:02",21,68
0,"2021-04-16 08:17:02",21,69
0,"2021-04-16 08:18:02",21,69
0,"2021-04-16 08:19:02",21,68
0,"2021-04-16 08:20:02",21,69
0,"2021-04-16 08:21:02",21,69
0,"2021-04-16 08:22:02",21,69
0,"2021-04-16 08:23:02",21,68
0,"2021-04-16 08:24:02",21,68
0,"2021-04-16 08:25:02",21,69
0,"2021-04-16 08:26:02",21,68
0,"2021-04-16 08:27:02",21,68
0,"2021-04-16 08:28:02",21,68
0,"2021-04-16 08:29:02",21,68
0,"2021-04-16 08:30:04",21,68
0,"2021-04-16 08:31:02",21,73
0,"2021-04-16 08:32:02",21,68
0,"2021-04-16 08:33:02",21,68
0,"2021-04-16 08:34:02",21,69
0,"2021-04-16 08:35:02",21,68
0,"2021-04-16 08:36:02",21,68
0,"2021-04-16 08:37:02",21,68
0,"2021-04-16 08:38:02",21,68
0,"2021-04-16 08:39:02",21,68
0,"2021-04-16 08:40:02",21,68
0,"2021-04-16 08:41:02",21,68
0,"2021-04-16 08:42:02",21,68
0,"2021-04-16 08:43:02",21,68
0,"2021-04-16 08:44:02",21,68
0,"2021-04-16 08:45:04",21,68
0,"2021-04-16 08:46:02",21,73
0,"2021-04-16 08:47:02",21,68
0,"2021-04-16 08:48:02",21,68
0,"2021-04-16 08:49:02",21,68
0,"2021-04-16 08:50:02",21,68
0,"2021-04-16 08:51:02",21,68
0,"2021-04-16 08:52:02",21,68
0,"2021-04-16 08:53:02",21,68
0,"2021-04-16 08:54:01",21,68
0,"2021-04-16 08:55:02",21,68
0,"2021-04-16 08:56:02",21,68
0,"2021-04-16 08:57:02",21,68
0,"2021-04-16 08:58:02",21,68
0,"2021-04-16 08:59:02",21,68
0,"2021-04-16 09:00:02",21,68
0,"2021-04-16 09:01:01",21,68
0,"2021-04-16 09:02:02",21,68
0,"2021-04-16 09:03:02",21,68
0,"2021-04-16 09:04:02",21,68
0,"2021-04-16 09:05:02",21,68
0,"2021-04-16 09:06:02",21,68
0,"2021-04-16 09:07:02",21,68
0,"2021-04-16 09:08:02",21,68
0,"2021-04-16 09:09:02",21,68
0,"2021-04-16 09:10:02",21,68
0,"2021-04-16 09:11:02",21,68
0,"2021-04-16 09:12:02",21,68
0,"2021-04-16 09:13:02",21,68
0,"2021-04-16 09:14:02",21,68
0,"2021-04-16 09:15:01",21,68
0,"2021-04-16 09:16:02",21,68
0,"2021-04-16 09:17:02",21,68
0,"2021-04-16 09:18:02",21,68
0,"2021-04-16 09:19:02",21,68
0,"2021-04-16 09:20:02",21,68
0,"2021-04-16 09:21:02",21,68
0,"2021-04-16 09:22:02",21,68
0,"2021-04-16 09:23:02",21,68
0,"2021-04-16 09:24:02",21,68
0,"2021-04-16 09:25:02",21,68
0,"2021-04-16 09:26:02",21,68
0,"2021-04-16 09:27:02",21,68
0,"2021-04-16 09:28:02",21,68
0,"2021-04-16 09:29:02",21,68
0,"2021-04-16 09:30:02",21,68
0,"2021-04-16 09:31:02",21,68
0,"2021-04-16 09:32:02",21,68
0,"2021-04-16 09:33:02",21,68
0,"2021-04-16 09:34:02",21,68
0,"2021-04-16 09:35:02",21,68
0,"2021-04-16 09:36:02",21,68
0,"2021-04-16 09:37:02",21,68
0,"2021-04-16 09:38:02",21,68
0,"2021-04-16 09:39:02",21,68
0,"2021-04-16 09:40:02",21,68
0,"2021-04-16 09:41:02",21,68
0,"2021-04-16 09:42:02",21,68
0,"2021-04-16 09:43:02",21,68
0,"2021-04-16 09:44:02",21,68
0,"2021-04-16 09:45:02",21,68
0,"2021-04-16 09:46:02",21,68
0,"2021-04-16 09:47:02",21,68
0,"2021-04-16 09:48:02",21,68
0,"2021-04-16 09:49:02",21,68
0,"2021-04-16 09:50:02",21,68
0,"2021-04-16 09:51:02",21,68
0,"2021-04-16 09:52:02",21,68
0,"2021-04-16 09:53:02",21,68
0,"2021-04-16 09:54:02",21,68
0,"2021-04-16 09:55:02",21,68
0,"2021-04-16 09:56:02",21,68
0,"2021-04-16 09:57:02",21,68
0,"2021-04-16 09:58:02",21,68
0,"2021-04-16 09:59:02",21,68
0,"2021-04-16 10:00:02",21,68
0,"2021-04-16 10:01:02",21,68
0,"2021-04-16 10:02:02",21,68
0,"2021-04-16 10:03:02",21,68
0,"2021-04-16 10:04:02",21,68
0,"2021-04-16 10:05:02",21,68
0,"2021-04-16 10:06:02",21,68
0,"2021-04-16 10:07:02",21,68
0,"2021-04-16 10:08:02",21,68
0,"2021-04-16 10:09:02",21,68
0,"2021-04-16 10:10:02",21,68
0,"2021-04-16 10:11:02",21,68
0,"2021-04-16 10:12:02",21,68
0,"2021-04-16 10:13:02",21,68
0,"2021-04-16 10:14:02",21,69
0,"2021-04-16 10:15:02",21,68
0,"2021-04-16 10:16:02",21,69
0,"2021-04-16 10:17:02",21,69
0,"2021-04-16 10:18:02",21,69
0,"2021-04-16 10:19:02",21,69
0,"2021-04-16 10:20:02",21,69
0,"2021-04-16 10:21:02",21,69
0,"2021-04-16 10:22:02",21,69
0,"2021-04-16 10:23:02",21,69
0,"2021-04-16 10:24:02",21,69
0,"2021-04-16 10:25:02",21,69
0,"2021-04-16 10:26:01",21,69
0,"2021-04-16 10:27:02",21,69
0,"2021-04-16 10:28:02",21,69
0,"2021-04-16 10:29:02",21,69
0,"2021-04-16 10:30:02",21,69
0,"2021-04-16 10:31:02",21,69
0,"2021-04-16 10:32:02",21,69
0,"2021-04-16 10:33:02",21,69
0,"2021-04-16 10:34:02",21,69
0,"2021-04-16 10:35:02",21,69
0,"2021-04-16 10:36:02",21,69
0,"2021-04-16 10:37:02",21,69
0,"2021-04-16 10:38:02",21,69
0,"2021-04-16 10:39:02",21,69
0,"2021-04-16 10:40:02",21,69
0,"2021-04-16 10:41:02",21,69
0,"2021-04-16 10:42:02",21,69
0,"2021-04-16 10:43:02",21,69
0,"2021-04-16 10:44:04",21,69
0,"2021-04-16 10:45:02",21,73
0,"2021-04-16 10:46:02",21,70
0,"2021-04-16 10:47:02",21,70
0,"2021-04-16 10:48:02",21,72
0,"2021-04-16 10:49:02",21,73
0,"2021-04-16 10:50:02",21,74
0,"2021-04-16 10:51:02",21,74
0,"2021-04-16 10:52:02",21,75
0,"2021-04-16 10:53:02",21,74
0,"2021-04-16 10:54:02",21,74
0,"2021-04-16 10:55:02",21,74
0,"2021-04-16 10:56:02",21,75
0,"2021-04-16 10:57:02",21,75
0,"2021-04-16 10:58:02",21,74
0,"2021-04-16 10:59:02",21,74
0,"2021-04-16 11:00:02",21,74
0,"2021-04-16 11:01:02",21,74
0,"2021-04-16 11:02:02",21,74
0,"2021-04-16 11:03:02",21,74
0,"2021-04-16 11:04:02",21,74
0,"2021-04-16 11:05:02",21,74
0,"2021-04-16 11:06:02",21,72
0,"2021-04-16 11:07:02",21,70
0,"2021-04-16 11:08:02",21,69
0,"2021-04-16 11:09:02",21,69
0,"2021-04-16 11:10:02",21,68
0,"2021-04-16 11:11:02",21,69
0,"2021-04-16 11:12:02",21,70
0,"2021-04-16 11:13:02",21,70
0,"2021-04-16 11:14:02",21,70
0,"2021-04-16 11:15:02",21,71
0,"2021-04-16 11:16:02",21,71
0,"2021-04-16 11:17:02",21,71
0,"2021-04-16 11:18:02",21,71
0,"2021-04-16 11:19:02",21,71
0,"2021-04-16 11:20:01",21,71
0,"2021-04-16 11:21:02",21,71
0,"2021-04-16 11:22:02",21,71
0,"2021-04-16 11:23:02",21,71
0,"2021-04-16 11:24:02",21,71
0,"2021-04-16 11:25:02",21,71
0,"2021-04-16 11:26:02",21,71
0,"2021-04-16 11:27:01",21,71
0,"2021-04-16 11:28:02",21,71
0,"2021-04-16 11:29:02",22,72
0,"2021-04-16 11:30:02",22,73
0,"2021-04-16 11:31:02",22,73
0,"2021-04-16 11:32:02",22,73
0,"2021-04-16 11:33:02",22,73
0,"2021-04-16 11:34:02",22,73
0,"2021-04-16 11:35:02",22,72
0,"2021-04-16 11:36:02",22,73
0,"2021-04-16 11:37:02",22,72
0,"2021-04-16 11:38:02",22,72
0,"2021-04-16 11:39:02",22,72
0,"2021-04-16 11:40:02",22,72
0,"2021-04-16 11:41:01",22,72
0,"2021-04-16 11:42:02",22,72
0,"2021-04-16 11:43:02",22,72
0,"2021-04-16 11:44:02",22,72
0,"2021-04-16 11:45:02",22,72
0,"2021-04-16 11:46:02",22,72
0,"2021-04-16 11:47:02",22,72
0,"2021-04-16 11:48:01",22,72
0,"2021-04-16 11:49:02",22,72
0,"2021-04-16 11:50:02",22,72
0,"2021-04-16 11:51:02",22,72
0,"2021-04-16 11:52:02",22,72
0,"2021-04-16 11:53:02",22,72
0,"2021-04-16 11:54:02",22,72
0,"2021-04-16 11:55:01",22,72
0,"2021-04-16 11:56:02",22,72
0,"2021-04-16 11:57:02",22,72
0,"2021-04-16 11:58:02",22,72
0,"2021-04-16 11:59:02",22,73
0,"2021-04-16 12:00:02",22,73
0,"2021-04-16 12:01:02",22,73
0,"2021-04-16 12:02:02",22,73
0,"2021-04-16 12:03:02",22,73
0,"2021-04-16 12:04:02",22,73
0,"2021-04-16 12:05:02",22,73
0,"2021-04-16 12:06:02",22,73
0,"2021-04-16 12:07:02",22,73
0,"2021-04-16 12:08:02",22,73
0,"2021-04-16 12:09:02",22,73
0,"2021-04-16 12:10:02",22,73
0,"2021-04-16 12:11:02",22,73
0,"2021-04-16 12:12:02",22,73
0,"2021-04-16 12:13:02",22,73
0,"2021-04-16 12:14:02",22,73
0,"2021-04-16 12:15:02",22,73
0,"2021-04-16 12:16:01",22,73
0,"2021-04-16 12:17:02",22,73
0,"2021-04-16 12:18:02",22,73
0,"2021-04-16 12:19:02",22,73
0,"2021-04-16 12:20:02",22,73
0,"2021-04-16 12:21:02",22,73
0,"2021-04-16 12:22:02",22,73
0,"2021-04-16 12:23:01",22,73
0,"2021-04-16 12:24:02",22,73
0,"2021-04-16 12:25:02",22,73
0,"2021-04-16 12:26:02",22,72
0,"2021-04-16 12:27:02",22,72
0,"2021-04-16 12:28:02",22,72
0,"2021-04-16 12:29:02",22,72
0,"2021-04-16 12:30:01",22,72
0,"2021-04-16 12:31:02",22,72
0,"2021-04-16 12:32:02",22,72
0,"2021-04-16 12:33:02",22,72
0,"2021-04-16 12:34:02",22,72
0,"2021-04-16 12:35:02",22,72
0,"2021-04-16 12:36:02",22,72
0,"2021-04-16 12:37:02",22,71
0,"2021-04-16 12:38:02",22,71
0,"2021-04-16 12:39:02",22,73
0,"2021-04-16 12:40:07",22,75
0,"2021-04-16 12:41:02",22,76
0,"2021-04-16 12:42:02",22,75
0,"2021-04-16 12:43:02",22,75
0,"2021-04-16 12:44:02",22,75
0,"2021-04-16 12:45:02",22,75
0,"2021-04-16 12:46:02",22,76
0,"2021-04-16 12:47:02",22,76
0,"2021-04-16 12:48:02",22,76
0,"2021-04-16 12:49:02",22,76
0,"2021-04-16 12:50:02",22,76
0,"2021-04-16 12:51:02",22,76
0,"2021-04-16 12:52:02",22,76
0,"2021-04-16 12:53:02",22,76
0,"2021-04-16 12:54:02",23,76
0,"2021-04-16 12:55:02",23,76
0,"2021-04-16 12:56:02",23,76
0,"2021-04-16 12:57:02",23,76
0,"2021-04-16 12:58:02",23,76
0,"2021-04-16 12:59:02",23,76
0,"2021-04-16 13:00:02",23,76
0,"2021-04-16 13:01:02",23,76
0,"2021-04-16 13:02:02",23,76
0,"2021-04-16 13:03:02",23,76
0,"2021-04-16 13:04:02",23,76
0,"2021-04-16 13:05:02",23,76
0,"2021-04-16 13:06:02",23,78
0,"2021-04-16 13:07:02",23,77
0,"2021-04-16 13:08:02",23,77
0,"2021-04-16 13:09:02",23,77
0,"2021-04-16 13:10:02",23,77
0,"2021-04-16 13:11:02",23,77
0,"2021-04-16 13:12:02",23,77
0,"2021-04-16 13:13:02",23,77
0,"2021-04-16 13:14:02",23,78
0,"2021-04-16 13:15:02",23,77
0,"2021-04-16 13:16:02",23,77
0,"2021-04-16 13:17:02",23,77
0,"2021-04-16 13:18:02",23,78
0,"2021-04-16 13:19:02",23,77
0,"2021-04-16 13:20:02",23,77
0,"2021-04-16 13:21:02",23,77
0,"2021-04-16 13:22:02",23,77
0,"2021-04-16 13:23:02",23,77
0,"2021-04-16 13:24:05",23,76
0,"2021-04-16 13:25:02",23,78
0,"2021-04-16 13:26:02",23,78
0,"2021-04-16 13:27:02",23,78
0,"2021-04-16 13:28:02",23,76
0,"2021-04-16 13:29:02",23,77
0,"2021-04-16 13:30:02",23,78
0,"2021-04-16 13:31:02",23,76
0,"2021-04-16 13:32:02",24,77
0,"2021-04-16 13:33:02",23,78
0,"2021-04-16 13:34:02",24,78
0,"2021-04-16 13:35:02",24,75
0,"2021-04-16 13:36:02",24,75
0,"2021-04-16 13:37:02",24,75
0,"2021-04-16 13:38:02",24,74
0,"2021-04-16 13:39:04",24,75
0,"2021-04-16 13:40:02",24,77
0,"2021-04-16 13:41:02",24,75
0,"2021-04-16 13:42:02",24,75
0,"2021-04-16 13:43:02",24,75
0,"2021-04-16 13:44:02",24,75
0,"2021-04-16 13:45:02",24,74
0,"2021-04-16 13:46:02",24,74
0,"2021-04-16 13:47:02",24,75
0,"2021-04-16 13:48:02",24,74
0,"2021-04-16 13:49:02",24,74
0,"2021-04-16 13:50:02",24,74
0,"2021-04-16 13:51:02",23,74
0,"2021-04-16 13:52:02",23,74
0,"2021-04-16 13:53:02",23,75
0,"2021-04-16 13:54:02",23,75
0,"2021-04-16 13:55:02",23,75
0,"2021-04-16 13:56:02",23,75
0,"2021-04-16 13:57:02",23,75
0,"2021-04-16 13:58:02",23,75
0,"2021-04-16 13:59:02",23,75
0,"2021-04-16 14:00:02",23,75
0,"2021-04-16 14:01:02",23,75
0,"2021-04-16 14:02:02",23,75
0,"2021-04-16 14:03:02",23,75
0,"2021-04-16 14:04:02",23,75
0,"2021-04-16 14:05:02",23,74
0,"2021-04-16 14:06:02",23,75
0,"2021-04-16 14:07:02",23,75
0,"2021-04-16 14:08:02",23,74
0,"2021-04-16 14:09:02",23,74
0,"2021-04-16 14:10:02",23,74
0,"2021-04-16 14:11:02",23,74
0,"2021-04-16 14:12:02",23,74
0,"2021-04-16 14:13:02",23,74
0,"2021-04-16 14:14:02",23,74
0,"2021-04-16 14:15:02",23,74
0,"2021-04-16 14:16:02",23,77
0,"2021-04-16 14:17:02",24,74
0,"2021-04-16 14:18:02",24,73
0,"2021-04-16 14:19:02",24,74
0,"2021-04-16 14:20:02",24,74
0,"2021-04-16 14:21:02",24,73
0,"2021-04-16 14:22:02",24,73
0,"2021-04-16 14:23:02",24,72
0,"2021-04-16 14:24:02",24,72
0,"2021-04-16 14:25:02",24,72
0,"2021-04-16 14:26:02",24,72
0,"2021-04-16 14:27:02",24,72
0,"2021-04-16 14:28:02",24,72
0,"2021-04-16 14:29:02",24,72
0,"2021-04-16 14:30:02",24,71
0,"2021-04-16 14:31:02",24,72
0,"2021-04-16 14:32:02",24,72
0,"2021-04-16 14:33:02",24,71
0,"2021-04-16 14:34:02",24,71
0,"2021-04-16 14:35:02",24,71
0,"2021-04-16 14:36:02",24,71
0,"2021-04-16 14:37:02",24,71
0,"2021-04-16 14:38:02",24,71
0,"2021-04-16 14:39:02",24,72
0,"2021-04-16 14:40:02",24,72
0,"2021-04-16 14:41:02",24,72
0,"2021-04-16 14:42:02",24,72
0,"2021-04-16 14:43:02",24,72
0,"2021-04-16 14:44:02",24,72
0,"2021-04-16 14:45:02",24,72
0,"2021-04-16 14:46:02",24,73
0,"2021-04-16 14:47:02",24,72
0,"2021-04-16 14:48:02",24,72
0,"2021-04-16 14:49:02",24,72
0,"2021-04-16 14:50:02",24,72
0,"2021-04-16 14:51:02",24,72
0,"2021-04-16 14:52:02",24,72
0,"2021-04-16 14:53:02",24,72
0,"2021-04-16 14:54:02",24,72
0,"2021-04-16 14:55:02",24,71
0,"2021-04-16 14:56:02",24,71
0,"2021-04-16 14:57:02",24,72
0,"2021-04-16 14:58:02",24,72
0,"2021-04-16 14:59:02",24,73
0,"2021-04-16 15:00:02",24,72
0,"2021-04-16 15:01:02",24,72
0,"2021-04-16 15:02:02",24,73
0,"2021-04-16 15:03:02",24,73
0,"2021-04-16 15:04:02",24,73
0,"2021-04-16 15:05:02",24,75
0,"2021-04-16 15:06:02",24,74
0,"2021-04-16 15:07:02",24,73
0,"2021-04-16 15:08:02",24,73
0,"2021-04-16 15:09:02",24,72
0,"2021-04-16 15:10:02",24,72
0,"2021-04-16 15:11:02",24,72
0,"2021-04-16 15:12:02",24,72
0,"2021-04-16 15:13:02",24,72
0,"2021-04-16 15:14:02",24,71
0,"2021-04-16 15:15:02",24,72
0,"2021-04-16 15:16:02",24,72
0,"2021-04-16 15:17:02",24,72
0,"2021-04-16 15:18:02",24,71
0,"2021-04-16 15:19:02",24,72
0,"2021-04-16 15:20:02",24,72
0,"2021-04-16 15:21:02",27,68
0,"2021-04-16 15:22:02",28,95
0,"2021-04-16 15:23:02",27,67
0,"2021-04-16 15:24:02",26,68
0,"2021-04-16 15:25:02",26,69
0,"2021-04-16 15:26:02",25,69
0,"2021-04-16 15:27:02",25,70
0,"2021-04-16 15:28:02",25,70
0,"2021-04-16 15:29:02",25,71
0,"2021-04-16 15:30:02",25,71
0,"2021-04-16 15:31:02",24,72
0,"2021-04-16 15:32:02",24,72
0,"2021-04-16 15:33:02",24,72
0,"2021-04-16 15:34:02",24,72
0,"2021-04-16 15:35:02",24,72
0,"2021-04-16 15:36:02",24,73
0,"2021-04-16 15:37:02",24,73
0,"2021-04-16 15:38:02",24,73
0,"2021-04-16 15:39:02",24,73
0,"2021-04-16 15:40:02",24,73
0,"2021-04-16 15:41:02",24,73
0,"2021-04-16 15:42:05",24,73
0,"2021-04-16 15:43:02",24,75
0,"2021-04-16 15:44:02",24,73
0,"2021-04-16 15:45:02",24,73
0,"2021-04-16 15:46:02",24,73
0,"2021-04-16 15:47:02",24,73
0,"2021-04-16 15:48:02",24,73
0,"2021-04-16 15:49:02",24,73
0,"2021-04-16 15:50:02",24,73
0,"2021-04-16 15:51:02",24,73
0,"2021-04-16 15:52:02",24,73
0,"2021-04-16 15:53:02",24,73
0,"2021-04-16 15:54:02",24,73
0,"2021-04-16 15:55:02",24,73
0,"2021-04-16 15:56:02",24,73
0,"2021-04-16 15:57:02",24,73
0,"2021-04-16 15:58:02",24,73
0,"2021-04-16 15:59:02",24,73
0,"2021-04-16 16:00:02",24,73
0,"2021-04-16 16:01:02",24,73
0,"2021-04-16 16:02:04",24,73
0,"2021-04-16 16:03:02",24,75
0,"2021-04-16 16:04:02",24,73
0,"2021-04-16 16:05:02",24,73
0,"2021-04-16 16:06:02",24,73
0,"2021-04-16 16:07:02",24,73
0,"2021-04-16 16:08:02",24,73
0,"2021-04-16 16:09:02",24,73
0,"2021-04-16 16:10:02",24,73
0,"2021-04-16 16:11:02",24,74
0,"2021-04-16 16:12:02",24,73
0,"2021-04-16 16:13:02",24,75
0,"2021-04-16 16:14:02",24,73
0,"2021-04-16 16:15:02",24,73
0,"2021-04-16 16:16:02",24,74
0,"2021-04-16 16:17:02",24,73
0,"2021-04-16 16:18:02",24,72
0,"2021-04-16 16:19:02",24,73
0,"2021-04-16 16:20:02",24,73
0,"2021-04-16 16:21:02",24,73
0,"2021-04-16 16:22:02",24,72
0,"2021-04-16 16:23:01",24,72
0,"2021-04-16 16:24:02",24,72
0,"2021-04-16 16:25:02",24,72
0,"2021-04-16 16:26:02",24,72
0,"2021-04-16 16:27:02",24,72
0,"2021-04-16 16:28:02",24,72
0,"2021-04-16 16:29:02",24,73
0,"2021-04-16 16:30:02",24,72
0,"2021-04-16 16:31:02",24,72
0,"2021-04-16 16:32:02",24,72
0,"2021-04-16 16:33:02",25,72
0,"2021-04-16 16:34:02",25,72
0,"2021-04-16 16:35:02",25,74
0,"2021-04-16 16:36:02",25,73
0,"2021-04-16 16:37:02",25,72
0,"2021-04-16 16:38:02",25,72
0,"2021-04-16 16:39:07",24,72
0,"2021-04-16 16:40:02",24,71
0,"2021-04-16 16:41:02",24,71
0,"2021-04-16 16:42:01",25,72
0,"2021-04-16 16:43:02",25,72
0,"2021-04-16 16:44:02",25,72
0,"2021-04-16 16:45:02",25,74
0,"2021-04-16 16:46:02",25,74
0,"2021-04-16 16:47:02",25,73
0,"2021-04-16 16:48:02",25,74
0,"2021-04-16 16:49:02",25,73
0,"2021-04-16 16:50:04",25,76
0,"2021-04-16 16:51:02",25,77
0,"2021-04-16 16:52:02",25,75
0,"2021-04-16 16:53:02",25,76
0,"2021-04-16 16:54:02",25,76
0,"2021-04-16 16:55:02",25,77
0,"2021-04-16 16:56:02",25,77
0,"2021-04-16 16:57:02",25,77
0,"2021-04-16 16:58:02",25,78
0,"2021-04-16 16:59:02",25,77
0,"2021-04-16 17:00:02",25,77
0,"2021-04-16 17:01:02",25,77
0,"2021-04-16 17:02:02",25,76
0,"2021-04-16 17:03:02",25,77
0,"2021-04-16 17:04:02",25,76
0,"2021-04-16 17:05:02",25,75
0,"2021-04-16 17:06:02",25,75
0,"2021-04-16 17:07:02",25,75
0,"2021-04-16 17:08:02",25,76
0,"2021-04-16 17:09:02",25,75
0,"2021-04-16 17:10:02",25,75
0,"2021-04-16 17:11:02",25,75
0,"2021-04-16 17:12:02",25,75
0,"2021-04-16 17:13:02",25,75
0,"2021-04-16 17:14:02",25,75
0,"2021-04-16 17:15:02",25,75
0,"2021-04-16 17:16:02",25,75
0,"2021-04-16 17:17:02",25,75
0,"2021-04-16 17:18:02",25,74
0,"2021-04-16 17:19:02",25,74
0,"2021-04-16 17:20:02",25,74
0,"2021-04-16 17:21:02",25,74
0,"2021-04-16 17:22:02",25,74
0,"2021-04-16 17:23:02",25,74
0,"2021-04-16 17:24:01",25,74
0,"2021-04-16 17:25:02",25,74
0,"2021-04-16 17:26:02",25,73
0,"2021-04-16 17:27:02",25,72
0,"2021-04-16 17:28:02",25,73
0,"2021-04-16 17:29:02",25,74
0,"2021-04-16 17:30:02",25,74
0,"2021-04-16 17:31:02",25,74
0,"2021-04-16 17:32:02",25,74
0,"2021-04-16 17:33:02",25,74
0,"2021-04-16 17:34:01",25,74
0,"2021-04-16 17:35:02",25,74
0,"2021-04-16 17:36:02",25,74
0,"2021-04-16 17:37:02",25,74
0,"2021-04-16 17:38:02",25,74
0,"2021-04-16 17:39:02",25,74
0,"2021-04-16 17:40:02",25,74
0,"2021-04-16 17:41:01",25,74
0,"2021-04-16 17:42:02",25,73
0,"2021-04-16 17:43:02",25,73
0,"2021-04-16 17:44:02",25,73
0,"2021-04-16 17:45:02",25,72
0,"2021-04-16 17:46:02",25,72
0,"2021-04-16 17:47:02",25,72
0,"2021-04-16 17:48:01",25,72
0,"2021-04-16 17:49:02",25,72
0,"2021-04-16 17:50:02",25,71
0,"2021-04-16 17:51:02",25,72
0,"2021-04-16 17:52:02",25,72
0,"2021-04-16 17:53:02",25,71
0,"2021-04-16 17:54:02",25,72
0,"2021-04-16 17:55:02",25,72
0,"2021-04-16 17:56:02",25,72
0,"2021-04-16 17:57:02",25,71
0,"2021-04-16 17:58:02",25,72
0,"2021-04-16 17:59:02",25,72
0,"2021-04-16 18:00:02",25,71
0,"2021-04-16 18:01:02",25,71
0,"2021-04-16 18:02:02",25,71
0,"2021-04-16 18:03:02",25,73
0,"2021-04-16 18:04:02",25,71
0,"2021-04-16 18:05:02",25,71
0,"2021-04-16 18:06:02",25,71
0,"2021-04-16 18:07:02",25,71
0,"2021-04-16 18:08:02",25,72
0,"2021-04-16 18:09:02",25,72
0,"2021-04-16 18:10:02",25,72
0,"2021-04-16 18:11:02",25,72
0,"2021-04-16 18:12:02",25,72
0,"2021-04-16 18:13:02",25,72
0,"2021-04-16 18:14:02",25,72
0,"2021-04-16 18:15:02",25,72
0,"2021-04-16 18:16:02",25,72
0,"2021-04-16 18:17:02",25,72
0,"2021-04-16 18:18:02",25,72
0,"2021-04-16 18:19:02",25,72
0,"2021-04-16 18:20:02",25,72
0,"2021-04-16 18:21:02",25,72
0,"2021-04-16 18:22:02",25,72
0,"2021-04-16 18:23:02",25,72
0,"2021-04-16 18:24:02",25,72
0,"2021-04-16 18:25:02",25,72
0,"2021-04-16 18:26:02",25,72
0,"2021-04-16 18:27:02",25,72
0,"2021-04-16 18:28:02",25,73
0,"2021-04-16 18:29:02",25,72
0,"2021-04-16 18:30:02",25,72
0,"2021-04-16 18:31:02",25,72
0,"2021-04-16 18:32:02",25,73
0,"2021-04-16 18:33:02",25,73
0,"2021-04-16 18:34:02",25,73
0,"2021-04-16 18:35:02",25,73
0,"2021-04-16 18:36:02",25,73
0,"2021-04-16 18:37:02",25,73
0,"2021-04-16 18:38:02",25,73
0,"2021-04-16 18:39:02",25,73
0,"2021-04-16 18:40:02",25,73
0,"2021-04-16 18:41:02",25,73
0,"2021-04-16 18:42:02",25,73
0,"2021-04-16 18:43:01",25,73
0,"2021-04-16 18:44:04",25,73
0,"2021-04-16 18:45:02",25,74
0,"2021-04-16 18:46:01",25,73
0,"2021-04-16 18:47:02",25,73
0,"2021-04-16 18:48:02",25,73
0,"2021-04-16 18:49:02",25,73
0,"2021-04-16 18:50:02",25,73
0,"2021-04-16 18:51:02",25,73
0,"2021-04-16 18:52:02",25,73
0,"2021-04-16 18:53:02",25,73
0,"2021-04-16 18:54:02",25,73
0,"2021-04-16 18:55:02",25,73
0,"2021-04-16 18:56:02",25,73
0,"2021-04-16 18:57:02",25,73
0,"2021-04-16 18:58:02",25,73
0,"2021-04-16 18:59:02",25,73
0,"2021-04-16 19:00:01",25,73
0,"2021-04-16 19:01:02",25,73
0,"2021-04-16 19:02:02",25,73
0,"2021-04-16 19:03:02",25,73
0,"2021-04-16 19:04:02",25,73
0,"2021-04-16 19:05:02",25,73
0,"2021-04-16 19:06:02",25,73
0,"2021-04-16 19:07:02",25,73
0,"2021-04-16 19:08:02",25,73
0,"2021-04-16 19:09:02",25,73
0,"2021-04-16 19:10:02",25,73
0,"2021-04-16 19:11:02",25,74
0,"2021-04-16 19:12:02",25,74
0,"2021-04-16 19:13:02",25,74
0,"2021-04-16 19:14:02",25,73
0,"2021-04-16 19:15:02",25,74
0,"2021-04-16 19:16:02",25,74
0,"2021-04-16 19:17:02",25,74
0,"2021-04-16 19:18:02",25,74
0,"2021-04-16 19:19:02",25,73
0,"2021-04-16 19:20:01",25,73
0,"2021-04-16 19:21:02",25,73
0,"2021-04-16 19:22:02",25,73
0,"2021-04-16 19:23:02",25,74
0,"2021-04-16 19:24:02",25,74
0,"2021-04-16 19:25:02",25,73
0,"2021-04-16 19:26:02",25,73
0,"2021-04-16 19:27:01",24,73
0,"2021-04-16 19:28:02",25,74
0,"2021-04-16 19:29:02",25,73
0,"2021-04-16 19:30:02",25,74
0,"2021-04-16 19:31:02",25,74
0,"2021-04-16 19:32:02",25,73
0,"2021-04-16 19:33:02",25,74
